{
  "training_dataset": {
    "training": {
      "accuracy": 0.6845951080322266,
      "precision": 0.552735447883606,
      "recall": 0.8593599796295166,
      "f1_score": 0.6727572679519653,
      "specificity": 0.5787171721458435,
      "avg_quality_gap": 0,
      "std_quality_gap": 0,
      "valid_trees_ratio": 0,
      "total_graphs": 0,
      "total_edges": 22032
    },
    "validation": {
      "accuracy": 0.7201225757598877,
      "precision": 0.6679104566574097,
      "recall": 0.7885462641716003,
      "f1_score": 0.7232323884963989,
      "specificity": 0.6609523892402649,
      "avg_quality_gap": 0,
      "std_quality_gap": 0,
      "valid_trees_ratio": 0,
      "total_graphs": 0,
      "total_edges": 1958
    },
    "test": {
      "accuracy": 0.6997455358505249,
      "precision": 0.5723087191581726,
      "recall": 0.8412774205207825,
      "f1_score": 0.6812041997909546,
      "specificity": 0.6125146746635437,
      "avg_quality_gap": 0,
      "std_quality_gap": 0,
      "valid_trees_ratio": 0,
      "total_graphs": 0,
      "total_edges": 5502
    }
  },
  "generalization_dataset": {
    "standard_25": {
      "accuracy": 0.7456647157669067,
      "precision": 0.6194030046463013,
      "recall": 0.6916666626930237,
      "f1_score": 0.6535432934761047,
      "specificity": 0.7743362784385681,
      "avg_quality_gap": 0,
      "std_quality_gap": 0,
      "valid_trees_ratio": 0,
      "total_graphs": 0,
      "total_edges": 692
    },
    "standard_40": {
      "accuracy": 0.6287726163864136,
      "precision": 0.5043327808380127,
      "recall": 0.7780748605728149,
      "f1_score": 0.6119874119758606,
      "specificity": 0.5387097001075745,
      "avg_quality_gap": 0,
      "std_quality_gap": 0,
      "valid_trees_ratio": 0,
      "total_graphs": 0,
      "total_edges": 994
    },
    "standard_60": {
      "accuracy": 0.5293466448783875,
      "precision": 0.38755980134010315,
      "recall": 0.8556337952613831,
      "f1_score": 0.533479630947113,
      "specificity": 0.37964460253715515,
      "avg_quality_gap": 0,
      "std_quality_gap": 0,
      "valid_trees_ratio": 0,
      "total_graphs": 0,
      "total_edges": 1806
    },
    "high_25": {
      "accuracy": 0.800000011920929,
      "precision": 0.7043478488922119,
      "recall": 0.675000011920929,
      "f1_score": 0.6893617510795593,
      "specificity": 0.8612244725227356,
      "avg_quality_gap": 0,
      "std_quality_gap": 0,
      "valid_trees_ratio": 0,
      "total_graphs": 0,
      "total_edges": 730
    },
    "high_40": {
      "accuracy": 0.7377049326896667,
      "precision": 0.4985835552215576,
      "recall": 0.9214659929275513,
      "f1_score": 0.6470588445663452,
      "specificity": 0.6728280782699585,
      "avg_quality_gap": 0,
      "std_quality_gap": 0,
      "valid_trees_ratio": 0,
      "total_graphs": 0,
      "total_edges": 1464
    },
    "high_60": {
      "accuracy": 0.7134009003639221,
      "precision": 0.5257301926612854,
      "recall": 0.692307710647583,
      "f1_score": 0.5976284742355347,
      "specificity": 0.722764253616333,
      "avg_quality_gap": 0,
      "std_quality_gap": 0,
      "valid_trees_ratio": 0,
      "total_graphs": 0,
      "total_edges": 1776
    },
    "low_25": {
      "accuracy": 0.5384615659713745,
      "precision": 0.6000000238418579,
      "recall": 0.6000000238418579,
      "f1_score": 0.6000000238418579,
      "specificity": 0.4545454680919647,
      "avg_quality_gap": 0,
      "std_quality_gap": 0,
      "valid_trees_ratio": 0,
      "total_graphs": 0,
      "total_edges": 416
    },
    "low_40": {
      "accuracy": 0.561170220375061,
      "precision": 0.5528455376625061,
      "recall": 0.7120419144630432,
      "f1_score": 0.6224256157875061,
      "specificity": 0.4054054021835327,
      "avg_quality_gap": 0,
      "std_quality_gap": 0,
      "valid_trees_ratio": 0,
      "total_graphs": 0,
      "total_edges": 752
    },
    "low_60": {
      "accuracy": 0.6411609649658203,
      "precision": 0.7450330853462219,
      "recall": 0.7922534942626953,
      "f1_score": 0.7679181098937988,
      "specificity": 0.1894736886024475,
      "avg_quality_gap": 0,
      "std_quality_gap": 0,
      "valid_trees_ratio": 0,
      "total_graphs": 0,
      "total_edges": 758
    }
  },
  "summary": {
    "training_avg_f1": 0.692397952079773,
    "generalization_avg_f1": 0.6359336839781867,
    "best_config": "low_60",
    "worst_config": "standard_60"
  }
}