{
  "num_graphs": 45,
  "total_trees": 255,
  "avg_trees_per_graph": 5.666666666666667,
  "configurations": {
    "standard_25": {
      "count": 5,
      "densities": [
        0.16666666666666666,
        0.22,
        0.22,
        0.29,
        0.25666666666666665
      ],
      "node_counts": [
        25,
        25,
        25,
        25,
        25
      ],
      "edge_counts": [
        50,
        66,
        66,
        87,
        77
      ],
      "graph_types": {
        "watts_strogatz": 1,
        "barabasi_albert": 2,
        "erdos_renyi": 2
      },
      "avg_density": 0.23066666666666666,
      "avg_nodes": 25.0,
      "avg_edges": 69.2
    },
    "standard_40": {
      "count": 5,
      "densities": [
        0.2012820512820513,
        0.09523809523809523,
        0.15384615384615385,
        0.1282051282051282,
        0.09523809523809523
      ],
      "node_counts": [
        40,
        36,
        40,
        40,
        36
      ],
      "edge_counts": [
        157,
        60,
        120,
        100,
        60
      ],
      "graph_types": {
        "erdos_renyi": 1,
        "grid": 2,
        "random_geometric": 2
      },
      "avg_density": 0.13476190476190475,
      "avg_nodes": 38.4,
      "avg_edges": 99.4
    },
    "standard_60": {
      "count": 5,
      "densities": [
        0.14576271186440679,
        0.09661016949152543,
        0.06779661016949153,
        0.07142857142857142,
        0.15254237288135594
      ],
      "node_counts": [
        60,
        60,
        60,
        49,
        60
      ],
      "edge_counts": [
        258,
        171,
        120,
        84,
        270
      ],
      "graph_types": {
        "erdos_renyi": 2,
        "barabasi_albert": 1,
        "watts_strogatz": 1,
        "grid": 1
      },
      "avg_density": 0.10682808716707022,
      "avg_nodes": 57.8,
      "avg_edges": 180.6
    },
    "high_25": {
      "count": 5,
      "densities": [
        0.25,
        0.41333333333333333,
        0.25,
        0.15333333333333332,
        0.15
      ],
      "node_counts": [
        25,
        25,
        25,
        25,
        25
      ],
      "edge_counts": [
        75,
        124,
        75,
        46,
        45
      ],
      "graph_types": {
        "watts_strogatz": 2,
        "erdos_renyi": 1,
        "grid": 2
      },
      "avg_density": 0.24333333333333332,
      "avg_nodes": 25.0,
      "avg_edges": 73.0
    },
    "high_40": {
      "count": 5,
      "densities": [
        0.2705128205128205,
        0.15384615384615385,
        0.2717948717948718,
        0.15384615384615385,
        0.10952380952380952
      ],
      "node_counts": [
        40,
        40,
        40,
        40,
        36
      ],
      "edge_counts": [
        211,
        120,
        212,
        120,
        69
      ],
      "graph_types": {
        "erdos_renyi": 2,
        "watts_strogatz": 2,
        "grid": 1
      },
      "avg_density": 0.19190476190476188,
      "avg_nodes": 39.2,
      "avg_edges": 146.4
    },
    "high_60": {
      "count": 5,
      "densities": [
        0.12316384180790961,
        0.1553672316384181,
        0.08078231292517007,
        0.08418367346938775,
        0.1135593220338983
      ],
      "node_counts": [
        60,
        60,
        49,
        49,
        60
      ],
      "edge_counts": [
        218,
        275,
        95,
        99,
        201
      ],
      "graph_types": {
        "random_geometric": 2,
        "barabasi_albert": 1,
        "grid": 2
      },
      "avg_density": 0.11141127637495678,
      "avg_nodes": 55.6,
      "avg_edges": 177.6
    },
    "low_25": {
      "count": 5,
      "densities": [
        0.09,
        0.09333333333333334,
        0.2,
        0.16666666666666666,
        0.14333333333333334
      ],
      "node_counts": [
        25,
        25,
        25,
        25,
        25
      ],
      "edge_counts": [
        27,
        28,
        60,
        50,
        43
      ],
      "graph_types": {
        "grid": 2,
        "erdos_renyi": 1,
        "random_geometric": 2
      },
      "avg_density": 0.13866666666666666,
      "avg_nodes": 25.0,
      "avg_edges": 41.6
    },
    "low_40": {
      "count": 5,
      "densities": [
        0.09743589743589744,
        0.05384615384615385,
        0.06349206349206349,
        0.13974358974358975,
        0.13974358974358975
      ],
      "node_counts": [
        40,
        40,
        36,
        40,
        40
      ],
      "edge_counts": [
        76,
        42,
        40,
        109,
        109
      ],
      "graph_types": {
        "barabasi_albert": 1,
        "watts_strogatz": 1,
        "grid": 1,
        "erdos_renyi": 2
      },
      "avg_density": 0.09885225885225886,
      "avg_nodes": 39.2,
      "avg_edges": 75.2
    },
    "low_60": {
      "count": 5,
      "densities": [
        0.04846938775510204,
        0.05593220338983051,
        0.03389830508474576,
        0.05706214689265537,
        0.03502824858757062
      ],
      "node_counts": [
        49,
        60,
        60,
        60,
        60
      ],
      "edge_counts": [
        57,
        99,
        60,
        101,
        62
      ],
      "graph_types": {
        "grid": 1,
        "random_geometric": 2,
        "watts_strogatz": 2
      },
      "avg_density": 0.04607805834198086,
      "avg_nodes": 57.8,
      "avg_edges": 75.8
    }
  }
}